{
    "accuracy": 0.7721518987341772,
    "f1_score": 0.8085106382978723,
    "precision": 0.8085106382978723,
    "recall": 0.8085106382978723,
    "roc_auc": 0.8490691489361702,
    "average_precision": 0.9028646362122924
}