{
    "accuracy": 0.7721518987341772,
    "f1_score": 0.8125,
    "precision": 0.7959183673469388,
    "recall": 0.8297872340425532,
    "roc_auc": 0.8404255319148937,
    "average_precision": 0.889280477949364
}