{
    "accuracy": 0.7341772151898734,
    "f1_score": 0.7789473684210526,
    "precision": 0.7708333333333334,
    "recall": 0.7872340425531915,
    "roc_auc": 0.8550531914893617,
    "average_precision": 0.9022717987098592
}