{
    "accuracy": 0.7341772151898734,
    "f1_score": 0.8037383177570093,
    "precision": 0.7166666666666667,
    "recall": 0.9148936170212766,
    "roc_auc": 0.8211436170212766,
    "average_precision": 0.8842880293974368
}