{
    "accuracy": 0.6962025316455697,
    "f1_score": 0.75,
    "precision": 0.7346938775510204,
    "recall": 0.7659574468085106,
    "roc_auc": 0.8001994680851063,
    "average_precision": 0.8742227617059795
}