{
    "RandomForest": {
        "accuracy": 0.7341772151898734,
        "f1_score": 0.8037383177570093,
        "precision": 0.7166666666666667,
        "recall": 0.9148936170212766,
        "roc_auc": 0.8211436170212766,
        "average_precision": 0.8842880293974368
    },
    "GradientBoosting": {
        "accuracy": 0.7721518987341772,
        "f1_score": 0.8125,
        "precision": 0.7959183673469388,
        "recall": 0.8297872340425532,
        "roc_auc": 0.8404255319148937,
        "average_precision": 0.889280477949364
    },
    "SVM_RBF": {
        "accuracy": 0.6962025316455697,
        "f1_score": 0.75,
        "precision": 0.7346938775510204,
        "recall": 0.7659574468085106,
        "roc_auc": 0.8001994680851063,
        "average_precision": 0.8742227617059795
    },
    "LogisticRegression": {
        "accuracy": 0.759493670886076,
        "f1_score": 0.8041237113402062,
        "precision": 0.78,
        "recall": 0.8297872340425532,
        "roc_auc": 0.8450797872340425,
        "average_precision": 0.9063359865169763
    },
    "CatBoost": {
        "accuracy": 0.7721518987341772,
        "f1_score": 0.8085106382978723,
        "precision": 0.8085106382978723,
        "recall": 0.8085106382978723,
        "roc_auc": 0.8490691489361702,
        "average_precision": 0.9028646362122924
    },
    "XGBoost": {
        "accuracy": 0.7341772151898734,
        "f1_score": 0.7789473684210526,
        "precision": 0.7708333333333334,
        "recall": 0.7872340425531915,
        "roc_auc": 0.8550531914893617,
        "average_precision": 0.9022717987098592
    }
}