{
    "accuracy": 0.759493670886076,
    "f1_score": 0.8041237113402062,
    "precision": 0.78,
    "recall": 0.8297872340425532,
    "roc_auc": 0.8450797872340425,
    "average_precision": 0.9063359865169763
}