{
    "C": 1.9995194665105964,
    "coef0": 8.619464434976715,
    "degree": 3,
    "gamma": 3.401690384445303,
    "kernel": "poly",
    "probability": true
}